ID,T1,T2,S1,S2,n. implicit term,Sentence,Author,ref page or link,source
0,skyscraper,architecture,boast,interpersonal-relations,0,A skyscraper is in architecture as a boast is in interpersonal relations.,Mason Cooley,7,Grothe
1,committee,ideas,cul-de-sac,people,0,A committee is a cul-de-sac down which ideas are lured and then quietly strangled.,Barnett Cocks,1,Grothe
2,envious,passion,iron,rust,0,"As iron is eaten away by rust, so the envious are consumed by their own passion.",Antisthene,4,Grothe
3,reading,mind,exercise,body,0,Reading is to the mind what exercise is to the body.,Joseph Addison,4,Grothe
4,good news,far country,cold water,thirsty soul,0,"As cold waters to a thirsty soul, so is good news from a far country.",The bible proverbs 25:25,4,Grothe
5,tears,soul,soap,body,0,"As soap is to the body, tears are to the soul.",Yiddish proverb,4,Grothe
6,insanity,art,garlic,salad,0,"What garlic is to salad, insanity is to art.",Augustus Saint-Gaudens,4,Grothe
7,mural,restaurant,food,museum,0,The murals in restaurants are on a par with the food in museums.,Peter de Vries,5,Grothe
8,Al Capone,crime,J.P. Morgan,Wall Street,0,"Al Capone was to crime what J.P. Morgan was to Wall Street, the first man to exert national influence over his trade.",Andrew Sinclair,5,Grothe
9,prisons,crime,greenhouses,plants,0,Prisons are to crime what greenhouses are to plants.,Henry David Thoreau,6,Grothe
10,men and woman,world,players,stage,0,"All the world's a stage, and all the men and women merely player. They have their exits and entrances, and one man in his time plays many parts.",Shakespear,9,Grothe
11,books,human,shells,lobsters,0,"Books...are like lobster shells, we surround ourselves with them, then we grow out of them and leave them behind, as evidence of our earlier stage of development.",Dorothy L. Slayers,12,Grothe
12,novels,movies,wife,mistress,0,"Novels are like wives;  you don't talk about them. But movies are different; they are like mistresses, and you can brag a bit.",Anton Chekhov,11,Grothe
13,medecine,literature,wife,mistress,0,"Medicine is my lawful wife and literature is my mistress; when I tire of one, I spend the night with the other.",Anton Chekhov,11,Grothe
14,love,life,the only flower,bank of grey torrent,0,"On the banks of the grey torrent of life, love is the only flower.",,167,Grothe
15,books,movie,oxen,bouillon cubes,0,Having your book turned into a movie is like seeing your oxen turned into bouillon cubes.,John Le Carré,239,Grothe
16,prince ,flattery,pope,infallibility,0,A prince who writes against flattery is as strange as a pope who writes against infallability.,Voltaire,271,Grothe
17,other countries,his own,other woman,his own wife,0,The man who loves other countries as much as his own stands on a level with the man who loves other women as much as  he loves his own wife.,Theodore Roosevelt,270,Grothe
18,ideas,politics,arrows,bow,0,"Ideas are lie arrows, but there has to be a bow. And politics is the bow of idealism.",Bill Moyers,268,Grothe
19,Washington D.C.,lying,Wisconsin,cheese,0,Washington D.C. is to lying what Wisconsin is to cheese.,Dennis Miller,268,Grothe
20,ideas,words,wilderness,walls,0,A definition is the enclosing a wilderness of idea within a wall of words.,Samuel Butler,102,Grothe
21,fiction and love,romance,<parents>,offspring,1,Romance has been elegantly defined as the offspring of fiction and love.,Isaac D'Israeli,147,Grothe
22,love,hearts,net,fish,0,Love is a net that catches hearts like a fish.,Muhammad Alo,163,Grothe
23,person,work,person,portrait,0,"Every person's work, whether it be literature or music or pictures or architecture or anything else, is always a portraint of that person.",Samuel Butler,46,Grothe
24,life,determinism,game of cards,the hand that is dealt you,0,Life is like a game of cards. The hand that is dealt you represents determinism.,Jawaharlal Nehru,121,Grothe
25,life,individual,tapestry,thread,0,Life is a great tapestry. The individual is only an insignificant thread in an immense and miraculous pattern. ,,,Grothe
26,sport,life,toy department,store,0,Sports is the toy department of life.,chapter title,274,Grothe
27,film director,actor,midwife,pregnant woman,0,"A film director is not a creator, but a midwife. His business is to deliver the actor of a child that he did not know he had within him.",Jean Renoir,238,Grothe
28,patriotism,political life,faith,religion,0,Patriotism is in political life what faith is in religion.,John Dahlberg,259,Grothe
29,incument member of the congres,term limits,chicken,Colonel Sanders,0,Asking an incumbent member of the congress to vote for term limits is a bit like asking a chicken to vote for Colonel Sanders.,Bob Inglis,260,Grothe
30,the president of the United States,real business,Colonel Sanders,frying chicken,0,The president of the United States bears about as much relationship to the real business of running America as does the Colonel Sanders to the business of frying chicken.,J.G. Ballard,260,Grothe
31,group of politicial,president,Mafia,Godfather,0,A group of politicians deciding to dump a President because his morals are bad is like the Mafia getting together to bump off the Godfather for not going to the church.,Russell Baker,259,Grothe
32,nationalism,mankind,infantile disease/measles,mankind,0,Nationalism is an infantile disease. It is the measles of mankind.,Albert Einstein,263,Grothe
33,power,hearts,wine,heads,0,"Power will intoxicate the best hearts, as wine the strongest heads.",Charles Caleb Colton,262,Grothe
34,anger,mind,wind,lamp,0,Anger is a wind which blows out the lamp of the mind.,Robert G. Ingersoll,105,Grothe
35,autumn,leaf,second spring,flower,0,Automn is a second spring when every leaf is a flower.,Albert Camus,105,Grothe
36,despair,hope,vinegar,wine,0,Despair is vinegar from the wine of hope.,Austin O'malley,106,Grothe
37,dance,movement,poem,word,0,The dance is a poem of which each movement is a word.,Mata Hari,106,Grothe
38,egotism,stupidity,anesthetic,pain,0,Egotism is the anesthetic that dulls the pain of stupidity.,Frank Leahy,108,Grothe
39,feedback,champion,breakfast,champion,0,Feedback is the breakfast of champions.,Ken Blanchard & Spencer Johnson,108,Grothe
40,music,silence,wine,cup,0,Music is the wine that fills the cup of silence.,Robert Fripp,112,Grothe
41,vulgarity,charm,garlic,salad,0,Vulgarity is the garlic in the salad of charm.,Cyrill Connolly,115,Grothe
42,zeal,indecisiveness,volcano,grass,0,"Zeal is a volcano, on the peak of which the grass of indecisiveness does not grow.",Kahlil Gibran,116,Grothe
43,alcohol,life,anesthesia,operation,0,Alcohol is the anesthesia by which we endure the operation of life.,George Bernard Shaw,120,Grothe
44,meeting,two personalities,contact,two chemical substances,0," The meeting of two personalities is like the contact of two chemical substances: if there is any reaction, both are transformed.",Carl Jung,149,Grothe
45,"caresses, expressions of one sort or another",affection,leaves,tree,0,"Caresses, expressions of one sort or another, are necessary to the life of the affections, as leaves are to the life of a tree. I they are wholly restrained, love will die at the roots.",Nathaniel Howthorne,149,Grothe
46,man,woman,every season,spring,0,"A man has every season, while a woman has only the right to spring.",Jane Fonda,148,Grothe
47,man,woman weakness,huntman,cool spring,0,A man who discovers a woman's weakness is like the huntsman in the heat of the day who finds a cool spring. He wallows in it.,Jean Giraudoux,148,Grothe
48,man,space,dog,computer,0,Giving a man space is like giving a dog a computer: the chances are he will not use it wisely.,Bette-Jane Raphael,153,Grothe
49,men,fashionable woman,men,horse,0,"The great majority of men, especially in France, both desire and possess a fashionable woman, much in the way one might own a fine horse - as a luxury befitting a young man.",Stendhal,155,Grothe
50,man,woman,hunter,game,0,Man is the hunter; woman is the game.,"Alfred, Lord Tennyson",155,Grothe
51,soul,fool,moon,darkness,0,"As the moon retains her nature,
though darkness spread itself before her face as a curtain,
so the Soul remains perfect
even in the bosom of the fool.",Akhenaton,,Grothe
52,man,ideas,general,soldiers,0,"A man is not necessarily intelligent because he has plenty of ideas, any more that he is a good general because he has plenty of soldiers. ",Nicolas Chamfort,46,Grothe
53,men,experience,ship,stern lights,0,"To most men, experience is like the stern lights of a ship which illumine only the track it has passed.",Samuel Taylor Coleridge,47,Grothe
54,global warming,homo sapiens,fever,deadly infection,0,Global warning might be a fever the earth is running in an attempt to ward off a deadly infection known as homo sapiens.,Rick Bayan,109,Grothe
55,actors,plays,jockeys,horses,0,"Actors are the jockeys of literature. Other supply the horses, the plays, and we simply make them run",Ralph Ridchardson,237,Grothe
56,thinking,faith,caravan,oasis,0,"Faith is the oasis of the heart, which will never be reached by the caravan of thinking.",Kahlil Gibran,103,Grothe
57,money and power,government,whiskey and car key,teenage boy,0,Giving money and power to government is like giving whiskey and car to teenage boys.,O' Rourke,6,Grothe
58,America,<poor people>,cupcake,starving people,1,America is an enormous frosted cupcake in the middle of millions of starving people,Gloria Steinem,8,Grothe
59,art,imagination,sex,<body>,1,Art is the sex of imagination,George Jean Nathan,8,Grothe
60,worry,trouble,interest,<debt>,1,Worry is interest paid on trouble before it falls due,W.R. Inge,8,Grothe
61,world,<one location>,book,one page,1,"The world is a book, and those who do not travel read only one page.",St Augustine,11,Grothe
62,art,old culture,Distant Early Warning System,<people>,1,Art at its most significant is a Distant Early Warning System that can always be relied on to tell the old culture what is beginning to happen to it.,Marshall Mcluhan,11,Grothe
63,books,shelves,souls,<prison>,1,Books are like imprisonned souls till someone takes them down from a shelf and frees them.,Samuel Butler,12,Grothe
64,puns,words,circus,<performer>,1,Puns are a three-way Circus of words : [..] words thrusting their heads into the mouths of lions.,Richard Lederer,10,Grothe
65,critics,<exhibition>/<art circle>/<location>,pigs,pastry cart,1,Critics are like pigs in a pastry cart.,,15,Grothe
66,simile ,literary text,wedge of lemon,cupcake,1,"Simile is the most familiar of all literary embellishments, in a class with a wedge of lemon or a sprig of parsley. It can raise a cupcake to the level of a petit four.",James J. Kilpatrick,17,Grothe
67,unsolicited advice,life,junk mail,<mail box>,1,Unsolicited advice is the junkmail of life.,,105,Grothe
68,Fame,<public>,fickle food, shifting plate,1,Fame is a fickle food upon a shifting plate.,Emily Dickinson,103,Grothe
69,birthday,time,feather,broad wing,1,Our birthdays are feathers in the broad wing of time.,Jean Paul Richter,105,Grothe
70,tears,heart,safety valve,<machine>,1,Tears are the safety valve of the heart when too much pressure is led on it.,Albert Smith,114,Grothe
71,friends quarrel,<reconciliation>,broken bone,callosity,1,"A quarrel between friends, when made up, adds a new tie to friendship, as experience shows that the callosity formed round a broken bone makes it stronger than before","St, Francis de Sales",146,Grothe
72,life,<humans>,hospital,patient,1,"Life is a hospital in which every patient is possessed by the desire of changing his bed. One would prefer to suffer near the fire, and another is certain he would get well if he were by the window.",Charles Baudelaire,70,Grothe
73,life,<fraternity>/<support>,kid,lapel,1,"Life loves to be taken by the lapel and told, ""I am with you kid, lets go.""",Maya Angelou,122,Grothe
74,life,<old age>,moderately good play,badly written third act,1,Life is a moderately good play with a badly written third act.,Truman Capote.,125,Grothe
75,society,<social class>,stew,layer of scum,1,"Society is like a stew. If you don't stir it up every once in a while, then a layer of scum floats to the top.",Edward Abbey,17,Grothe
76,I,intuition,I,spear,1,"I make all my decisions on intuition. I throw a spear into the darkness, that is intuition. ",Ingmar Bergman,238,Grothe
77,money,politics,mothers's milk,<baby>,1,Money is the mother's milk of politics.,Jesse Unruh,258,Grothe
78,<me>,chair of Government,cuprit,place of execution,1,My movements to the chair of Government will be accompanied by feelings not unlike those of a culprit who is going to the place of his execution.,George Washington,256,Grothe
79,written laws,poor and weak,spiders' webs,<weak insects>,1,"Written laws are like spiders' webs, and will, like them, only entangle and hold the poor and weak [...].",Anacharsis,257,Grothe
80,written laws,rich and powerful,spiders' webs,<strong insects>,1,Written laws are like spiders' webs [...] the rich and powerful will easily break through them.,Anacharsis,257,Grothe
81,laws,<offenders>,cobwebs,small flies,1,"Laws are like cobwebs, it may catch small flies.",Jonathan Swift,257,Grothe
82,laws,<criminals>,cobwebs,wasps and hornets,1,"Laws are like cobwebs, it lets wasps and hornets break through.",Jonathan Swift,257,Grothe
83,politics,war,womb,<foetus>,1,Politics is the womb in which war develops.,Karl Von Clausewitz,262,Grothe
84,man's action,creed,picture book,<story>,1,A man's action is only a picture book of his creed.,Ralph Waldo Emerson,104,Grothe
85,adventure,life,champain,<party>/<event>,1,Adventure is the champain of life.,G. K. Chesterton,104,Grothe
86,adjective,part of speech,banana peel,<safer ground>,1,The adjective is the banana peel of the part of speech.,Clifton Fadiman,104,Grothe
87,modern English,languages,Wal-Mart,<shops>,1,"Modern English is the Wal-Mart of languages: convenient, huge, hard to avoid, superficially friendly, and devouring all rivals in its eagerness.",Mark Abley,104,Grothe
88,apology,life,super-glue,<object>,1,An apology is the super glue of life. It can repair just about anything.,Lynn Johnston,105,Grothe
89,doctrine,truth,skin,<body>,1,Doctrine is nothing but the skin of truth set up and stuffed.,Henry Ward Beecher,107,Grothe
90,chaos,<reality>,score,music,1,Chaos is the score upon which reality is written.,Henry Miller,106,Grothe
91,courage,other virtues,ladder,<persons>,1,Courage is the ladder on which other virtues mount.,Clare Booth Luce,106,Grothe
92,tear,compassion,dew,<surface>/<plants>,1,The dew of compassion is a tear.,Lord Byron,106,Grothe
93,compromise,<intransigence>,umbrella,roof,1,"Compromise makes a good umbrella, but a poor roof.",James Russell Lowell,106,Grothe
94,dress,body,vase,<malleable substance>,1,The dress is the vase which the body follow.,Pierre Cardin,108,Grothe
95,failure,success,condiment,<dish>,1,Failure is the condiment that gives success its flavor.,Truman Capote ,108,Grothe
96,flower,reproduction,poetry,<agent>,1,The flower is the poetry of reproduction.,Jean Giraudoux,108,Grothe
97,freedom,soul,oxygen,<body>,1,Freedom is the oxygen of the soul.,Moshe Dayan,109,Grothe
98,genius,infinite,promontory,<horizon>,1,Genius is a promontory jutting out into the infinite.,Victor Hugo,109,Grothe
99,habit,<act>,cable,thread,1,"Habit is a cable; we weave a thread of it each day, and at last we cannot break it.",Horace Mann,109,Grothe
100,procrastination,time,thief,<good>,1,Procrastination is the thief of time.,Edward Young,113,Grothe
101,poverty,crime,mother,<child>,1,Poverty is the mother of crime.,Marcus Aurelius,113,Grothe
102,proverb,anonymous human history,seed,<tree>,1,A proverb is anonymous human history compressed to the size of a seed.,Stefan Kanfer,113,Grothe
103,peanut butter,children,paté,<pet>,1,Peanut butter is the paté for children.,Brigitte Bardot,113,Grothe
104,religion,soul,bandage,<wound>,1,"If I were to personally define religion, I would say that it is a bandage that man has invented to protect a soul made bloody by circumstance.",Theodore Dreiser,113,Grothe
105,riot,unheard,language,<people>,1,A riot is at bottom the language of the unheard.,"Martin Luther King, Jr",114,Grothe
106,scientists,eternity,peeping toms,<bedroom>,1,Scientists are peeping toms at the keyhole of eternity.,Arthur Koestler,114,Grothe
107,skepticism,intellect,chastity,<body>,1,Skepticism is the chastity of the intellect.,George Santayana,114,Grothe
108,thought,action,seed,<plant>,1,Thought is the seed of action.,Ralph Waldo Emerson,115,Grothe
109,virtue,soul,beauty,<body>,1,Virtue is the beauty of the soul,Socrates,115,Grothe
110,word,<sentence>/<phrase>,bud,twig,1,A word is a bud attempting to become a twig.,Gaston Bachelard,116,Grothe
111,life,<well-being>,bicycle,balance,1,Life is like riding a bicycle. To keep your balance you must keep moving.,Albert Einstin,119,Grothe
112,life,"<potential>,<skills>",ten-speed bicycle,gears,1,Life is like a ten-speed bicycle. Most of us have gears we never use.,Charles M. Schulz,119,Grothe
113,face ,happiness,foundation,<construction>,1,A face is too slight a foundation for happiness.,Mary Wortley Montagu,152,Grothe
114,glances,flirt,heavy artillery,"<battle>,<war>",1,"Glances are the heavy artillery of the flirt: everything can be conveyed in a look, yet that look can always be denied, for it cannot be quoted word for word.",Stendhal,155,Grothe
115,prejudice,human condition,psoriasis,<bodies>,1,"Prejudice is the psoriasis of the human condition: it's unsightly and it never completely vanishes, but with a little care we can keep it under control.",Rick Bayan,46,Grothe
116,mind,<ideas>,fathers or mothers,own children,1,No fathers or mothers think their own children ugly; and this self-deceit is yet stronger with respect to the offspring of the mind.,Miguel de Cervantes,46,Grothe
117,people,<mind>,oar,water,1,There are some people who leave impression not so lasting as the imprint of an oar upon the water.,Kate Chopin,47,Grothe
118,criticism,<mind>,pain,body,1,"Criticism may not be agreeable, but it is necessary, It fulfills the same function as pain in the human body. It calls attention to an unhealthy state of things.",Winston Chirchill,47,Grothe
119,<dating-activities>,old  boyfriend,garage sale,old stuff,1,"When you get back together with an old boyfriend, it's pathetic. It's like having a garage sale and buying your own stuff back.",Laura Kightlinger,149,Grothe
120,everything that reminds of her,me,spear,<me>,1,Everything that reminds me of her goes through me like a spear.,John Keats,149,Grothe
121,<candidates>,<population>,foxes,poultry,2,"An election is coming. Universal peace is declared, and the foxes have a sincere interest in prolonging the lives of the poultry.",George Eliot,263,Grothe
122,exageration,truth,<person who has lost its temper>,<person who hasn't lost its temper>,2,An exageration is a truth that has lost its temper.,Kahlil Gibran,108,Grothe
123,man,friendship,<man>,<machine>/<precious object>,2,A man... should keep his friendship in constant repair.,Dr Samuel Johnson,149,Grothe
124,thoughts,mind,rat,muck-heap,0,"One of those involuntary revealing thoughts one surprises, running like a rat through the muck-heap of my mind: Maybe I'll be able to afford that ikon if he goes.","Friend, Donald ",http://metaphors.iath.virginia.edu/metaphors?f%5Bwork_literary_period%5D%5B%5D=Post-WWII&page=3&per_page=10&sort=date,metaphors of mind
125,mind,religion,nighty sky,visible and invisible things,0,Her mind was as full of religion as a night sky is full of things visible and invisible. She left the man and took his religion and became a nun in the course of time.,"Spark, Muriel",http://metaphors.iath.virginia.edu/metaphors?f%5Bwork_literary_period%5D%5B%5D=Post-WWII&page=7&per_page=10&sort=date,metaphors of mind
126,mind,fact,cake,knife-edge ,0,"Your mind now, mouldering like wedding-cake
heavy with useless experience, rich
with suspicion, rumor, fantasy,
crumbling to pieces under the knife-edge
of mere fact.","Rich, Adrienne",http://metaphors.iath.virginia.edu/metaphors?f%5Bwork_literary_period%5D%5B%5D=Post-WWII&page=8&per_page=10&sort=date,metaphors of mind
127,mind,blank,TV,switch off,0,"Everything spun around him; then his mind blanked, like a TV suddenly switched off.",Jerzy N. Kosinski,http://metaphors.iath.virginia.edu/metaphors?f%5Bwork_literary_period%5D%5B%5D=Post-WWII&page=11&per_page=10&sort=date,metaphors of mind
128,mind,reality,prism,light,0,"The mind works like a prism, and when a ray of light enters the prism it is divided into seven colors. Mind is a prism and reality is divided through it.",Osho ,http://metaphors.iath.virginia.edu/metaphors?f%5Bwork_literary_period%5D%5B%5D=Post-WWII&page=12&per_page=10&sort=date,metaphors of mind
129,mind,itself,object,shadow,0,Mind contemplating mind is like an object and its shadow--the object cannot shake the shadow off. The two are one.,Thich Nhat Hanh,http://metaphors.iath.virginia.edu/metaphors?f%5Bwork_literary_period%5D%5B%5D=Post-WWII&page=13&per_page=10&sort=date,metaphors of mind
130,mind,meditative object,elephant,a trunc or a post,0,"The discipline tying mind in that way to the meditative object is expressed by the simile of training an elephant, for example, a wild elephant is tied with many massive cords to a trunk or a post.","— Wayman, Alex",http://metaphors.iath.virginia.edu/metaphors?f%5Bwork_literary_period%5D%5B%5D=Post-WWII&page=14&per_page=10&sort=date,metaphors of mind
131,brains,functional profile,trees,physical profile,0,"Like trees similar in their gross physical profile, brains can be similar in their gross functional profiles while being highly idiosyncratic in the myriad details of their fine-grained arborization.","Churchland, Paul ",http://metaphors.iath.virginia.edu/metaphors?f%5Bcategories%5D%5B%5D=Plant&f%5Bwork_literary_period%5D%5B%5D=Post-WWII&page=2&per_page=10&sort=date,metaphors of mind
132,brain,chemical balance,cake,right amount of each ingredient,0,"Just as a cake recipe requires you to use flour, sugar, and baking powder in the right amounts, your brain needs a fine chemical balance.",— Anonymous,http://metaphors.iath.virginia.edu/metaphors?f%5Bwork_literary_period%5D%5B%5D=Post-WWII&page=2&per_page=10&sort=-date,metaphors of mind
133,mind occupied by lawful business,useless regret,cultivated ground,weeds,0,"Cultivated ground has few weeds; a mind occupied by lawful business, has little room for useless regret.","Johnson, Samuel (1709-1784)",https://metaphors.iath.virginia.edu/metaphors?f%5Bwork_genres%5D%5B%5D=Prose&f%5Bwork_genres%5D%5B%5D=Letter&f%5Bwork_literary_period%5D%5B%5D=Industrial+Revolution&f%5Bwork_literary_period%5D%5B%5D=Long+Eighteenth+Century&f%5Bwork_literary_period%5D%5B%5D=Romantic&f%5Bwork_literary_period%5D%5B%5D=Early+Modern&per_page=10&sort=date,metaphors of mind
134,charges,mind,clouds,ethereal peak of a snow-clad mount,0,"These charges, at first held in constant mind, from Theseus slipped away as clouds are impelled by the breath of the winds from the ethereal peak of a snow-clad mount.",— Gaius Valerius Catullus (c. 84 - c. 54 B.C.),https://metaphors.iath.virginia.edu/metaphors/18401,metaphors of mind
135,corn,wind,soul,chastning,0,"Corn is cleansed with the wind, and the soul with chastning.","— Ray [formerly Wray], John (1627-1705)",https://metaphors.iath.virginia.edu/metaphors/18834,metaphors of mind
136,Soul,Vice and Virtue,Ship,Wind and Tide,0,"Thus Vice and Virtue do my Soul divide,  Like a Ship tost between the Wind and Tide.","Arwaker, Edmund (c.1655-1730)",https://metaphors.iath.virginia.edu/metaphors/18841,metaphors of mind
137,fleeting sleep loss we sometimes experience,chronic deprivation,snowstorm's disrupting a single day of trash pickup,prolonged strike,0,"The difference between the kind of fleeting sleep loss we sometimes experience and the chronic deprivation is like the difference between a snowstorm's disrupting a single day of trash pickup and a prolonged strike. No longer quite as easy to fix, and even when the strike is over, there's likely to be some stray debris floating around for quite some time yet.""","Konnikova, Maria (b. 1984)",https://metaphors.iath.virginia.edu/metaphors/23345,metaphors of mind
138,dreams,rushing brain,ties,train,0,"Just as the ties recur beneath his train, dreams underlie
his rushing brain.","— Bishop, Elizabeth (1911-1979)",https://metaphors.iath.virginia.edu/metaphors/17598,metaphors of mind
139,thoughts,mind,notes of an old violin,shuttered room,0,"Like the notes of an old violin,
Thoughts talk to me within
My mind, that shuttered room","— Sassoon, Siegfried (1886-1967)",https://metaphors.iath.virginia.edu/metaphors/16889,metaphors of mind
140,memories,brain,sparrows,barn,0,Research explains why forgetting delivers this memory boost. Memories don't fly out of our brains like sparrows from a barn.,"Boser, Ulrich",https://metaphors.iath.virginia.edu/metaphors/25076,metaphors of mind
141,brains,things,stomach,wood,0,"Further, just as the human stomach -- unlike the termite's -- can't digest wood, so there are some things our brains just aren't capable of knowing.","Kaplan, Eric",https://metaphors.iath.virginia.edu/metaphors/245111,metaphors of mind
142,brain,skull,small animal,grotto,0," The upper part of the skull had been removed, and the exposed edge covered in layer after layer of gauze, completely saturated with blood, forming a funnel down into the interior of the cranium. The brain was gently pulsating within. It resembled a small animal in a grotto. ","Knausgaard, Karl Ove (b. 1968)",https://metaphors.iath.virginia.edu/metaphors/24758,metaphors of mind
143,books,mind,honey,beehive,0,Books live in the mind like honey inside a beehive.,"McGrath, Campbell (b. 1962)",https://metaphors.iath.virginia.edu/metaphors/17881,metaphors of mind
144,mind,word,fish,hook,0,"""His mind snagged on the word like a fish on a hook.""","Nicholls, David (b. 1966)",https://metaphors.iath.virginia.edu/metaphors/24180,metaphors of mind
145,various archetypal situations,Hitchcock's mind,whales,tank,0,"I sometimes fancy that various archetypal situations circled tirelessly in Hitchcock's mind, like whales in a tank at the zoo.","Ebert, Roger (1942-2013)",https://metaphors.iath.virginia.edu/metaphors/19952,metaphors of mind
146,feelings,attention,avalanche,gloomy St Bernard,0,"It was hard enough to rescue himself from the avalanche of his own feelings, without allowing the gloomy St Bernard of his attention to wander into other fields.
",Edward St. Aubyn (b. 1960),https://metaphors.iath.virginia.edu/metaphors/24690,metaphors of mind
147,heroin,nervous system,black cat,its favourite cushion,0,"Heroin landed purring at the base of his skull, and wrapped itself darkly around his nervous system, like a black cat curling up on its favourite cushion.",Edward St. Aubyn (b. 1960),https://metaphors.iath.virginia.edu/metaphors/24697,metaphors of mind
148,body,thought,bird,feathers,0,"Just as birds are lifted up into the air by their feathers and can remain wherever they wish, the soul in the body is elevated by thought and spreads its wings everywhere.","Offill, Jenny (b. 1968)",https://metaphors.iath.virginia.edu/metaphors?f%5Bcategories%5D%5B%5D=Animals&page=72,metaphors of mind
149,mind,thought,bird,noose,0,"I tried to think what I had loved knives for, but my mind slipped from the noose of the thought and swung, like a bird, in the center of empty air.","Plath, Sylvia (1932-1963)",https://metaphors.iath.virginia.edu/metaphors/17425,metaphors of mind
150,<man>,rage,blowlamp,flame,1,"And yet the rage that one felt was an abstract, undirected emotion which could be switched from one object to another like the flame of a blowlamp."," Orwell, George ",http://metaphors.iath.virginia.edu/metaphors?f%5Bwork_literary_period%5D%5B%5D=Post-WWII&page=2&per_page=10&sort=date,metaphors of mind
151,person,<idea/memory>,squirrel,nut,1,I stored the fact that there were real glasses in the corner of my mind the way a squirrel stores a nut.,"Plath, Sylvia",http://metaphors.iath.virginia.edu/metaphors?f%5Bwork_literary_period%5D%5B%5D=Post-WWII&page=8&per_page=10&sort=date,metaphors of mind
152,recollections,memory,perfume,<room>,1,Delicious recollections float like perfume through the memory.,"Rich, Adrienne",http://metaphors.iath.virginia.edu/metaphors?f%5Bwork_literary_period%5D%5B%5D=Post-WWII&page=8&per_page=10&sort=date,metaphors of mind
153,words,mind,pebbles,<water>,1,"Words came without volition, sinking very slowly through his mind like pebbles.","Murdoch, Iris",http://metaphors.iath.virginia.edu/metaphors?f%5Bwork_literary_period%5D%5B%5D=Post-WWII&page=11&per_page=10&sort=date,metaphors of mind
154,brain,<memory/idea>,warehouse,things,1,"My brain hurt like a warehouse, it had no room to spare; / I had to cram so many things to store everything in there.","Bowie, David",http://metaphors.iath.virginia.edu/metaphors?f%5Bwork_literary_period%5D%5B%5D=Post-WWII&page=12&per_page=10&sort=date,metaphors of mind
155,mind,mystery,<body>,food,1,"Mysteries are the food of the mind, and all the fundamental mysteries are necessary to sanity.","Richards, I.A.",http://metaphors.iath.virginia.edu/metaphors?f%5Bwork_literary_period%5D%5B%5D=Post-WWII&page=12&per_page=10&sort=date,metaphors of mind
156,mind,knowledge,<container>,liquid,1,"In the preceding months he had prepared himself with meticulous care, filling his mind with distilled knowledge, drop by drop, until, on the eve of the first paper (Old English Set Texts) it was almost brimming over.","Lodge, David",http://metaphors.iath.virginia.edu/metaphors?f%5Bwork_literary_period%5D%5B%5D=Post-WWII&page=13&per_page=10&sort=date,metaphors of mind
157,mind,Marsall McLuhan's ideas,<body>,Turkish baths,1,Marsall McLuhan's ideas are Turkish baths of the mind.,"Bell, Daniel",http://metaphors.iath.virginia.edu/metaphors?f%5Bwork_literary_period%5D%5B%5D=Post-WWII&page=14&per_page=10&sort=date,metaphors of mind
158,mind,representations,miror,<reflections>,1,"The picture which holds traditional philosophy captive is that of the mind as a great mirror, containing various representations--some accurate, some not--and capable of being studied by pure, non-empirical methods."," Rorty, Richard",http://metaphors.iath.virginia.edu/metaphors?f%5Bwork_literary_period%5D%5B%5D=Post-WWII&page=14&per_page=10&sort=date,metaphors of mind
159,language,human thoughts,express image and picture,<physical object or being>,1,"Language is the express image and picture of human thoughts; and, from the picture, we may often draw very certain conclusions with regard to the original.","— Reid, Thomas (1710-1796)
",https://metaphors.iath.virginia.edu/metaphors/19614,metaphors of mind
160,thoughts,head,clouds,<sky>,1,Thoughts in my head just come and go and change shape like the clouds.,"— Levy, Andrea (b. 1956)",https://metaphors.iath.virginia.edu/metaphors/17995,metaphors of mind
161,sounds,mind,wind,<empty location>,1,"Those final sounds, however, are nothing like the wind moving through the vacancy of a mind.","— Rankine, Claudia (b. 1963)",https://metaphors.iath.virginia.edu/metaphors/18331,metaphors of mind
162,drug,<effect><sensations>,express train,white-hot column of light,1,"The drug hit him like an express train, a white-hot column of light mounting his spine from the region of his prostate,","— Gibson, William (b. 1948)",https://metaphors.iath.virginia.edu/metaphors/24616,metaphors of mind
163,centuries,mind,sea breeze,<location>,1,"The only palliative is to keep the clean sea breeze of the centuries blowing through our minds, and this can be done only be reading old books.","— Lewis, C. S. (1898-1963)",https://metaphors.iath.virginia.edu/metaphors/20215,metaphors of mind
164,feeling of relation moving to its term,"some substantive thing, usually the last word we were pronouncing",snowflake-crystal,drop,1,"As a snowflake-crystal caught in the warm hand is no longer a crystal but a drop, so, instead of catching the feeling of relation moving to its term, we find we have caught some substantive thing, usually the last word we were pronouncing, statically taken, and with its function, tendency and particular meaning in the sentence quite evaporated.","— James, William (1842-1910)",https://metaphors.iath.virginia.edu/metaphors/17710,metaphors of mind
165,memory of dreadful things,mine,wind,<location>,1,"Silently we went round and round, 
And through each hollow mind
The Memory of dreadful things
Rushed like a dreadful wind,
And Horror stalked before each man,
And Terror crept behind.","Wilde, Oscar Fingal O'Flahertie Wills (1854-1900)",https://metaphors.iath.virginia.edu/metaphors/17586,metaphors of mind
166,"Religion, ethics, metaphysics",anxiety,<channel>,black waters,1,"Religion, ethics, metaphysics – these are merely the 'spiritual' and 'inner' festivals of human anguish, ways of channelling the black waters of anxiety – and towards what abyss?

","— Lefebvre, Henri (1901-1991)",https://metaphors.iath.virginia.edu/metaphors/25311,metaphors of mind
167,the Great Depression,soul,fog,<location>,1,The Great Depression had entered our souls like fog.,"— Justice, Donald (1925-2004)",https://metaphors.iath.virginia.edu/metaphors/18026,metaphors of mind
168,warnings,mind,rats,<location>,1,"Deep in the night, those warnings scuttle around my mind like rats.","— Kennedy, Pagan (b. 1963)",https://metaphors.iath.virginia.edu/metaphors/24968,metaphors of mind
169,mind,<dangerous things>,rabbit,foxes,1,"The body [...] activates the senses, setting them to the frequencies at which the signals of new dangers can be received. Those signals appear as noise to the previous -- pre-war -- mind, as a breakdown in communication. The new mind, which the body floods with adrenaline, begins -- like a rabbit in a forest of foxes -- to decode all the signals, even if it's not capable of fitting them into any narrative.","Hemon, Aleksandr (b. 1964)",https://metaphors.iath.virginia.edu/metaphors/25010,metaphors of mind
170,thoughts,<mind>,six fireflies beeping randomly,jar,1,We've got this perverse situation in which the vast analytic powers of the entire world are being spent trying to understand a guy whose thoughts are often just six fireflies beeping randomly in a jar.,"Brooks, David (b. 1961)",https://metaphors.iath.virginia.edu/metaphors/25072,metaphors of mind
171,envy,psyche,lizard,<location>,1,"But if I can identify the lizard of envy crawling around in my psyche, I can usually tamp down the ire.","Marino, Gordon",https://metaphors.iath.virginia.edu/metaphors/25196,metaphors of mind
172,memory,<recollections>,jar,flies,1,"Memory, a jar of flies. Spin off the lid.","Seibles, Tim (b. 1955)",https://metaphors.iath.virginia.edu/metaphors/25149,metaphors of mind
173,skulls,ideas,odd museum,<items>,1,"Open our skulls, look in with a penlight, and you'll find an odd museum of ideas: sentences of history or mathematics remembered from school textbooks (no boy remembers his schooling like one who was taken out of school, let me assure you), sentences about politics read in a newspaper while wait...","Adiga, Aravind (b. 1974)",https://metaphors.iath.virginia.edu/metaphors/17196,metaphors of mind
174,heart,<emotions>,oyster,a spoil of perls,1,"Like an oyster
That cloisters a spoil of pearls, 
Untouched— 
The heart that’s had 
Enough
Stays shut.","Essbaum, Jill Alexander",https://metaphors.iath.virginia.edu/metaphors/17554,metaphors of mind
175,soul,<body>,worm,apple,1,"A soul was like a worm in an apple, my mother told me.","Offill, Jenny (b. 1968)",https://metaphors.iath.virginia.edu/metaphors/24728,metaphors of mind
176,<forgetting>,knowledge,leaking,<container>,2,"In the years that followed he set about replenishing his mind, but it was never quite the same. The sense of purpose was lacking--there was no great Reckoning against which he could hoard his knowledge, so that it tended to leak away as fast as he acquired it.","Lodge, David",http://metaphors.iath.virginia.edu/metaphors?f%5Bwork_literary_period%5D%5B%5D=Post-WWII&page=14&per_page=10&sort=date,metaphors of mind
177,mind,new theme,<woman>,<baby>,2,"The mind may be pregnant ""with some new theme""","— Cowper, William (1731-1800)",https://metaphors.iath.virginia.edu/metaphors/15017,metaphors of mind
178,mind,advice,<sea>,<boat>,2,"When the mind is in a calm, our advice may saile over it with ease; but in a raging tempest the best admonitions run upon a desperate rock.","— Tubbe, Henry (1618-1655)",https://metaphors.iath.virginia.edu/metaphors/9384,metaphors of mind
179,mind,<anger>,<location>,tempest,2,"He finds no Tempest in his Mind,  
Fears no Billow, feels no Wind: 
All is serene, and quiet there.","— Flatman, Thomas (1635-1688)",https://metaphors.iath.virginia.edu/metaphors/9843,metaphors of mind
180,memories,<mind subspace>,<objects><living things>,room,2,"For a long time I locked the memories away in a room in my mind. I would sometimes touch the door, to make sure it was secure.","— Armeni, Damon T.",https://metaphors.iath.virginia.edu/metaphors/23847,metaphors of mind
181,stomach,<disorder>,<location>,tempest,2,Oh what a Tempest have I in my Stomach?,,,metaphors of mind
182,brain,<constrained activity>,<animal>,cage,2,"why, why, why did I have to spend hours doing this? In the red glare of the digital clock, my brain rattled its cage. I prepared for a wave of lunacy.","Kennedy, Pagan (b. 1963)",https://metaphors.iath.virginia.edu/metaphors/24969,metaphors of mind
183,brain,sensation,<bird of prey>,<prey>,2,"But I didn't want to linger, nor could I perhaps, for the sensation lasted only a few moments, then my brain sank its claws into it and I went back to the kitchen where everything was as I had left it, except for the color of the drinks, which were shiny and full of small, grayish bubbles now.","Knausgaard, Karl Ove (b. 1968)",https://metaphors.iath.virginia.edu/metaphors/24786,metaphors of mind
184,swing of the pendulum,myth,bull,cobweb,0,"The swing of the pendulum has finally shattered the myth, like a bull through a cobweb.",Anon.,,other
185,wits,man,pins,hedgehog,0,"If wits were pins, the man would be a veritable hedgehog.","Fly by Night, Frances Hardinge",,other
186,you,I,thunder,lightning,0,You are the thunder and I am the lightning.,"Selena Gomez, Antonina Armato, Tim James, Devrim Karaoglu",https://prowritingaid.com/metaphor-examples,other
187,you,my life,sunshine,my life,0,You are the sunshine of my life.,Stevie Wonder,https://prowritingaid.com/metaphor-examples,other
188,justice,opportunity,bank,funds,0,But we refuse to believe that the bank of justice is bankrupt. We refuse to believe that there are insufficient funds in the great vaults of opportunity of this nation.,Dr. Martin Luther King Jr.,https://prowritingaid.com/metaphor-examples,other
189,monetarism,economics,christian science,medecine,0,Monetarism is to economics what christian science is to medicine.,,,other
190,I,shuttered room ,pumpkin,serra,0,In a shuttered room I roast Like a pumpkin in a serra,Dylan Thomas,,other
191,woman after twenty years of romance,woman after twenty years of marriage,ruin,public building,0,Twenty years of romance make a woman look like a ruin; but twenty years of marriage make her something like a public puilding.,Oscar Wilde,,other
192,marxist analysis,Stalin's Russia,Jesus Christ,Inquisition in Spain,0,The Marxist analysis has got nothing to do with what happened in Stalin's Russia; it's like blaming Jesus Chirs for the Inquisition in Spain.,Tony Benn,,other
193,sharp mind,illusion,bread knife,a hunk of frozen fish,0,"Her sharp mind, sawing raggedly through illusion like a bread knife through a hunk of frozen fish.",Fay Weldon,,other
194,great nations,small nations,gangsters,prostitutes,0,The great nations have always acted like gangsters and the small nations like prostitutes.,Stanley Kubrick,,other
195,woman,man,goldfish,motorbike,0,A woman needs a man like a goldfish needs a motorbike.,Anon.,,other
196,sun,<location>,todler,bed,1,The sun was a toddler insistently refusing to go to bed: It was past eight-thirty and still light.,John Green,,other
197,"religions, arts sciences",<knowledge>,branches,tree,1,"All religions, arts and sciences are branches of the same tree.",Albert Einstein,https://prowritingaid.com/metaphor-examples,other
198,photographer,<photos>,cod,eggs,1,"The photographer is like the cod, which produces a million eggs in order that one may reach maturity.",,,other
199,vice-presidency,<opportunity>,cookie,plate,1,"The vice-presidency is sort of like the last cookie on the plate. Everybody insists he won't take it, but somebody always does.",Bill Vanghan,,other
200,volume of verse,<public space>,a rose petal,the Grand Canyon,1,Publishing a volume of verse is like droping a rose petal down the Grand Canyon and waiting for the echo.,Don Marquis,,other
201,<man>/<head>,ears,taxicab,open doors,1,His ears make him look like a taxicab with both doors open.,Howard Hughes of Clark Gable,,other
202,<man>/<head>,ears,greek anphora,handles,1,His ears are like the handles of a Greek amphora.,P. G. Wodehouse,,other
203,monarchy,<revolution>,ship,rock,1,"Monarchy is like a splendid ship with all sails set; it moves majestically on, then it hits a rock and sink forever.",Fisher Ames,,other